{"stats":{"minecraft:dropped":{"minecraft:bread":71,"minecraft:wheat_seeds":1,"minecraft:stick":64,"minecraft:dirt":3,"minecraft:writable_book":2,"minecraft:pumpkin_pie":2,"minecraft:rotten_flesh":2,"minecraft:arrow":2},"minecraft:mined":{"minecraft:deepslate_tiles":1,"minecraft:white_bed":1,"minecraft:mossy_stone_brick_slab":1,"minecraft:cobblestone_stairs":20,"minecraft:brewing_stand":2,"minecraft:granite":28,"minecraft:grass_block":264,"minecraft:deepslate_tile_stairs":4,"minecraft:composter":1,"minecraft:hopper":2,"minecraft:hay_block":34,"minecraft:smooth_stone":1,"minecraft:furnace":4,"minecraft:iron_ore":11,"minecraft:andesite":43,"minecraft:pumpkin":1,"graveyard:sarcophagus":10,"chococraft:gysahl_green":21,"minecraft:bookshelf":40,"minecraft:dirt_path":1,"minecraft:stripped_oak_log":1,"minecraft:stone":735,"minecraft:stone_brick_slab":1,"minecraft:clay":6,"minecraft:crafting_table":10,"minecraft:torch":4,"minecraft:note_block":1,"minecraft:chest":3,"minecraft:copper_ore":31,"minecraft:tall_grass":2,"minecraft:cobblestone":34,"minecraft:oak_planks":101,"minecraft:sugar_cane":27,"minecraft:wall_torch":10,"graveyard:oak_coffin":1,"graveyard:vase_block":2,"minecraft:birch_door":2,"minecraft:tnt":6,"minecraft:black_bed":4,"minecraft:yellow_bed":11,"minecraft:stone_brick_stairs":13,"minecraft:grass":21,"minecraft:cracked_deepslate_tiles":1,"minecraft:oak_log":4,"minecraft:coal_ore":68,"minecraft:gravel":110,"minecraft:dripstone_block":1,"minecraft:sand":216,"minecraft:dirt":138,"minecraft:cobweb":15,"minecraft:cracked_stone_bricks":79,"minecraft:polished_andesite":11,"minecraft:stonecutter":1,"minecraft:stone_bricks":98,"minecraft:mossy_stone_bricks":4},"minecraft:killed":{"minecraft:witch":4,"minecraft:spider":2,"minecraft:skeleton":19,"graveyard:ghoul":1,"minecraft:zombie_villager":16,"minecraft:creeper":1,"minecraft:pillager":7,"minecraft:zombie":8},"minecraft:custom":{"minecraft:mob_kills":58,"minecraft:inspect_hopper":1,"minecraft:interact_with_crafting_table":51,"minecraft:open_barrel":20,"minecraft:leave_game":3,"minecraft:time_since_death":318090,"minecraft:climb_one_cm":14103,"minecraft:sprint_one_cm":590277,"minecraft:walk_one_cm":929485,"minecraft:damage_blocked_by_shield":1425,"minecraft:drop":80,"minecraft:play_noteblock":1,"minecraft:talked_to_villager":8,"minecraft:play_time":318090,"minecraft:sneak_time":9965,"minecraft:walk_under_water_one_cm":12034,"minecraft:interact_with_brewingstand":1,"minecraft:jump":5239,"minecraft:interact_with_blast_furnace":7,"minecraft:walk_on_water_one_cm":69131,"minecraft:total_world_time":318090,"minecraft:interact_with_furnace":101,"minecraft:tune_noteblock":11,"minecraft:sleep_in_bed":22,"minecraft:time_since_rest":10433,"minecraft:damage_taken":3383,"minecraft:damage_dealt":13565,"minecraft:swim_one_cm":2914,"minecraft:fly_one_cm":979437,"minecraft:open_chest":65,"minecraft:crouch_one_cm":18014,"minecraft:interact_with_smoker":2,"minecraft:fall_one_cm":154044,"minecraft:inspect_dispenser":1},"minecraft:crafted":{"minecraft:oak_door":3,"minecraft:smooth_stone":3,"minecraft:oak_planks":612,"minecraft:oak_pressure_plate":2,"minecraft:lightning_rod":1,"minecraft:furnace":5,"minecraft:blast_furnace":1,"minecraft:cobblestone_stairs":8,"minecraft:stone":223,"minecraft:glass":192,"minecraft:iron_boots":1,"minecraft:iron_axe":3,"chococraft:choco_disguise_leggings":1,"minecraft:stone_pickaxe":1,"minecraft:chest":3,"minecraft:birch_door":3,"minecraft:oak_fence":39,"minecraft:smoker":1,"minecraft:wheat":297,"minecraft:crafting_table":4,"minecraft:wooden_pickaxe":1,"minecraft:copper_ingot":64,"minecraft:bucket":2,"minecraft:birch_planks":24,"minecraft:stone_axe":2,"minecraft:bread":457,"minecraft:air":0,"minecraft:iron_chestplate":1,"minecraft:charcoal":70,"minecraft:shield":1,"minecraft:iron_ingot":13,"minecraft:iron_pickaxe":6,"minecraft:wooden_axe":1,"minecraft:iron_shovel":3,"minecraft:torch":44},"minecraft:used":{"minecraft:oak_fence":8,"minecraft:writable_book":4,"graveyard:sarcophagus":10,"minecraft:iron_shovel":631,"minecraft:chest":6,"minecraft:shield":23,"minecraft:stone":101,"dynamictrees:oak_seed":6,"minecraft:cooked_chicken":4,"minecraft:oak_door":2,"minecraft:torch":63,"minecraft:dirt":324,"minecraft:granite":22,"minecraft:glass":149,"minecraft:birch_door":2,"minecraft:wooden_axe":12,"minecraft:iron_axe":261,"minecraft:iron_helmet":3,"minecraft:stone_brick_stairs":4,"minecraft:stone_bricks":16,"treasure2:copper_broad_axe":95,"minecraft:furnace":7,"minecraft:egg":1,"minecraft:pumpkin":1,"minecraft:wheat_seeds":44,"minecraft:water_bucket":63,"minecraft:cobblestone_stairs":19,"minecraft:stone_pickaxe":119,"minecraft:polished_andesite":2,"minecraft:baked_potato":1,"minecraft:oak_planks":481,"minecraft:wooden_pickaxe":3,"minecraft:stonecutter":1,"minecraft:sugar_cane":37,"treasure2:iron_short_sword":39,"minecraft:cracked_stone_bricks":36,"minecraft:sand":11,"minecraft:tnt":2,"minecraft:crafting_table":13,"minecraft:blast_furnace":1,"minecraft:white_bed":1,"minecraft:black_bed":4,"minecraft:note_block":1,"minecraft:dripstone_block":1,"minecraft:smoker":1,"minecraft:lightning_rod":1,"minecraft:oak_log":41,"chococraft:gysahl_green_seeds":21,"minecraft:bread":87,"minecraft:iron_pickaxe":1093,"minecraft:oak_pressure_plate":2,"minecraft:stone_axe":103,"minecraft:potion":1,"minecraft:cobblestone":111,"minecraft:andesite":36,"minecraft:bucket":63,"chococraft:gysahl_green":16,"minecraft:yellow_bed":11,"minecraft:cobweb":15,"minecraft:smooth_stone":1},"minecraft:broken":{"minecraft:iron_shovel":2,"minecraft:iron_axe":1,"minecraft:stone_axe":1,"minecraft:iron_pickaxe":4},"minecraft:picked_up":{"minecraft:charcoal":2,"chococraft:loverly_gysahl_green":4,"minecraft:birch_door":2,"minecraft:iron_chestplate":2,"minecraft:crafting_table":10,"minecraft:wheat":1147,"minecraft:clay_ball":20,"minecraft:leather_leggings":1,"minecraft:brown_mushroom":4,"minecraft:potion":1,"minecraft:stone_brick_stairs":13,"minecraft:brewing_stand":4,"minecraft:shield":3,"minecraft:string":54,"minecraft:raw_copper":94,"graveyard:sarcophagus":10,"graveyard:corruption":1,"minecraft:cracked_stone_bricks":76,"minecraft:deepslate_tiles":1,"treasure2:stone_key":1,"minecraft:gold_nugget":14,"minecraft:smooth_stone":1,"treasure2:iron_short_sword":1,"dynamictrees:oak_seed":144,"minecraft:sugar_cane":37,"minecraft:chest":3,"minecraft:furnace":4,"minecraft:egg":1,"minecraft:stick":480,"minecraft:raw_iron":13,"minecraft:copper_ingot":2,"treasure2:pilferers_lock_pick":1,"minecraft:torch":25,"minecraft:bowl":5,"minecraft:note_block":1,"minecraft:deepslate_tile_stairs":4,"treasure2:copper_broad_axe":1,"minecraft:tnt":8,"minecraft:arrow":22,"minecraft:rotten_flesh":21,"minecraft:hay_block":33,"minecraft:glow_berries":2,"minecraft:cobblestone":759,"minecraft:cracked_deepslate_tiles":1,"minecraft:stripped_oak_log":1,"minecraft:birch_log":6,"minecraft:leather_chestplate":1,"minecraft:feather":6,"minecraft:andesite":36,"minecraft:black_bed":4,"minecraft:red_mushroom":1,"minecraft:potato":29,"minecraft:filled_map":1,"minecraft:flint":10,"minecraft:oak_log":331,"minecraft:chainmail_chestplate":1,"minecraft:yellow_bed":11,"minecraft:gunpowder":28,"minecraft:cobblestone_stairs":19,"minecraft:dirt":503,"chococraft:chocobo_feather":23,"minecraft:bone":48,"chococraft:gysahl_green":94,"minecraft:stonecutter":1,"minecraft:apple":16,"minecraft:stone_bricks":92,"chococraft:gold_gysahl":2,"minecraft:bow":2,"minecraft:wheat_seeds":2456,"dynamictrees:birch_seed":5,"minecraft:iron_ingot":3,"minecraft:cobweb":15,"minecraft:mossy_stone_bricks":4,"minecraft:glass_bottle":5,"minecraft:moss_block":2,"minecraft:oak_planks":210,"minecraft:book":180,"minecraft:pumpkin":1,"minecraft:stone_brick_slab":1,"minecraft:gravel":200,"minecraft:dripstone_block":1,"minecraft:sand":216,"minecraft:amethyst_shard":14,"chococraft:gysahl_green_seeds":21,"minecraft:ink_sac":7,"minecraft:white_bed":1,"minecraft:fermented_spider_eye":6,"minecraft:mossy_stone_brick_slab":1,"minecraft:spider_eye":4,"minecraft:leather_helmet":1,"treasure2:copper_coin":1,"graveyard:oak_coffin":1,"minecraft:polished_andesite":11,"minecraft:sugar":2,"minecraft:diamond":1,"treasure2:silver_coin":1,"minecraft:writable_book":1,"minecraft:granite":22,"minecraft:bone_meal":3,"minecraft:emerald":59,"minecraft:bread":3,"minecraft:coal":68,"minecraft:hopper":4}},"DataVersion":3465}