{"stats":{"minecraft:crafted":{"minecraft:oak_planks":1228,"minecraft:stone_shovel":27,"vanillaplustools:stone_hammer":2,"born_in_chaos_v1:spiny_shell_armor_chestplate":1,"minecraft:furnace":3,"minecraft:glass":320,"minecraft:iron_boots":1,"minecraft:iron_axe":2,"chococraft:choco_disguise_leggings":1,"minecraft:stone_pickaxe":18,"minecraft:chest":4,"minecraft:birch_door":6,"vanillaplustools:stone_shovel":3,"minecraft:oak_fence":84,"minecraft:wheat":828,"minecraft:emerald":18,"minecraft:crafting_table":4,"minecraft:iron_helmet":1,"minecraft:birch_pressure_plate":4,"minecraft:fletching_table":9,"minecraft:birch_planks":448,"minecraft:campfire":3,"minecraft:stone_axe":6,"minecraft:bread":276,"minecraft:air":0,"minecraft:oak_boat":1,"minecraft:wooden_hoe":1,"minecraft:charcoal":43,"minecraft:stick":264,"minecraft:iron_ingot":27,"minecraft:wooden_axe":1,"minecraft:torch":112},"minecraft:mined":{"minecraft:white_bed":9,"minecraft:mossy_cobblestone":5,"minecraft:brewing_stand":2,"minecraft:granite":8,"minecraft:grass_block":119,"born_in_chaos_v1:gnawed_bones":1,"minecraft:polished_diorite":7,"minecraft:composter":2,"minecraft:red_mushroom":1,"minecraft:kelp":2,"minecraft:spawner":2,"minecraft:hay_block":92,"dynamictrees:oak_leaves":4,"minecraft:magma_block":2,"minecraft:iron_ore":19,"minecraft:fire":4,"minecraft:barrel":6,"minecraft:andesite":71,"minecraft:fletching_table":7,"minecraft:brown_bed":1,"minecraft:bell":2,"minecraft:bookshelf":4,"minecraft:dirt_path":71,"minecraft:stripped_oak_log":3,"minecraft:stone":569,"minecraft:dandelion":1,"minecraft:polished_granite":1,"minecraft:crafting_table":1,"minecraft:oak_fence":16,"minecraft:torch":12,"diagonalfences:minecraft/oak_fence":22,"minecraft:blast_furnace":1,"minecraft:campfire":1,"minecraft:lectern":65,"minecraft:glass":7,"minecraft:tall_grass":3,"minecraft:copper_ore":2,"minecraft:cobblestone":1,"minecraft:grindstone":1,"minecraft:sugar_cane":59,"minecraft:oak_planks":27,"minecraft:diorite":43,"minecraft:wall_torch":2,"minecraft:chain":2,"minecraft:birch_planks":81,"minecraft:birch_door":1,"dynamictrees:birch_leaves":1,"minecraft:yellow_bed":16,"minecraft:grass":52,"minecraft:coal_ore":48,"minecraft:gravel":327,"minecraft:sand":569,"minecraft:dirt":185,"minecraft:stonecutter":2,"minecraft:polished_andesite":2,"minecraft:netherrack":12},"minecraft:used":{"minecraft:oak_fence":107,"minecraft:chest":4,"vanillaplustools:stone_hammer":102,"dynamictrees:oak_seed":124,"minecraft:bell":6,"minecraft:torch":79,"minecraft:brewing_stand":1,"minecraft:dirt":145,"minecraft:birch_pressure_plate":4,"minecraft:mutton":1,"minecraft:granite":1,"minecraft:polished_diorite":7,"minecraft:birch_door":6,"minecraft:glass":279,"minecraft:wooden_axe":14,"minecraft:iron_axe":294,"dynamictrees:birch_seed":50,"born_in_chaos_v1:gnawed_bones":2,"minecraft:barrel":3,"minecraft:furnace":3,"minecraft:brown_bed":1,"minecraft:birch_planks":292,"minecraft:polished_andesite":1,"minecraft:oak_planks":914,"minecraft:fletching_table":15,"minecraft:composter":2,"minecraft:stonecutter":1,"minecraft:sugar_cane":99,"minecraft:mossy_cobblestone":4,"minecraft:sand":76,"minecraft:blast_furnace":1,"minecraft:crafting_table":5,"vanillaplustools:stone_shovel":240,"minecraft:campfire":3,"minecraft:white_bed":9,"minecraft:oak_log":3,"minecraft:wooden_hoe":60,"minecraft:bread":112,"minecraft:iron_pickaxe":88,"minecraft:lectern":65,"minecraft:gravel":169,"minecraft:stone_axe":356,"minecraft:cobblestone":83,"minecraft:andesite":4,"minecraft:yellow_bed":16,"minecraft:oak_boat":4,"minecraft:kelp":1},"minecraft:broken":{"minecraft:iron_axe":1,"minecraft:stone_axe":1,"vanillaplustools:stone_shovel":2},"minecraft:custom":{"minecraft:mob_kills":89,"minecraft:interact_with_crafting_table":47,"minecraft:open_barrel":10,"minecraft:bell_ring":1,"minecraft:leave_game":4,"minecraft:time_since_death":278235,"minecraft:climb_one_cm":660,"minecraft:sprint_one_cm":972540,"minecraft:walk_one_cm":919889,"minecraft:drop":11,"minecraft:talked_to_villager":105,"minecraft:play_time":278235,"minecraft:sneak_time":9569,"minecraft:walk_under_water_one_cm":83710,"minecraft:jump":5884,"minecraft:interact_with_blast_furnace":2,"minecraft:walk_on_water_one_cm":74916,"minecraft:total_world_time":278235,"minecraft:interact_with_furnace":55,"minecraft:traded_with_villager":18,"minecraft:tune_noteblock":2,"minecraft:sleep_in_bed":13,"minecraft:time_since_rest":56837,"minecraft:damage_taken":3915,"minecraft:damage_dealt":16970,"minecraft:swim_one_cm":100437,"minecraft:fly_one_cm":1530104,"minecraft:open_chest":90,"minecraft:crouch_one_cm":28506,"minecraft:fall_one_cm":81870},"minecraft:picked_up":{"minecraft:seagrass":1,"minecraft:birch_door":2,"minecraft:fishing_rod":1,"minecraft:charcoal":2,"minecraft:crafting_table":1,"born_in_chaos_v1:river_mint":1,"minecraft:brown_mushroom":1,"minecraft:brown_bed":1,"born_in_chaos_v1:bloody_gadfly_eye":1,"minecraft:chain":4,"minecraft:brewing_stand":2,"minecraft:string":10,"minecraft:raw_copper":9,"minecraft:iron_leggings":1,"minecraft:pufferfish":1,"graveyard:corruption":3,"minecraft:beef":2,"minecraft:oak_boat":3,"born_in_chaos_v1:gnawed_bones":2,"minecraft:poppy":1,"dynamictrees:oak_seed":182,"minecraft:lectern":65,"minecraft:sugar_cane":99,"minecraft:egg":1,"minecraft:raw_iron":19,"minecraft:stick":770,"born_in_chaos_v1:shattered_skull":1,"minecraft:composter":2,"minecraft:oak_fence":38,"born_in_chaos_v1:phantom_powder":2,"minecraft:torch":16,"minecraft:diorite":36,"born_in_chaos_v1:nightmare_claw":1,"born_in_chaos_v1:pieceofdarkmetal":4,"minecraft:carrot":1,"minecraft:rotten_flesh":39,"minecraft:arrow":12,"minecraft:hay_block":92,"born_in_chaos_v1:spiny_shell":8,"chococraft:chocobo_drumstick_raw":5,"minecraft:mutton":1,"minecraft:white_wool":1,"minecraft:cobblestone":533,"minecraft:stripped_oak_log":3,"minecraft:birch_log":121,"born_in_chaos_v1:corpse_maggot":15,"born_in_chaos_v1:monster_flesh":1,"minecraft:salmon":2,"minecraft:andesite":69,"minecraft:leather":1,"minecraft:red_mushroom":2,"minecraft:birch_planks":81,"paraglider:spirit_orb":4,"minecraft:flint":19,"minecraft:oak_log":371,"minecraft:chainmail_chestplate":1,"minecraft:golden_boots":1,"minecraft:yellow_bed":16,"minecraft:gunpowder":12,"minecraft:lapis_lazuli":2,"minecraft:dirt":389,"minecraft:polished_granite":1,"born_in_chaos_v1:monster_skin":3,"chococraft:chocobo_feather":9,"minecraft:bone":40,"chococraft:gysahl_green":6,"chococraft:gold_gysahl":1,"minecraft:kelp":2,"minecraft:stonecutter":2,"minecraft:wheat_seeds":16,"minecraft:bell":6,"dynamictrees:birch_seed":78,"minecraft:grindstone":1,"minecraft:iron_ingot":9,"minecraft:fletching_table":7,"minecraft:oak_planks":27,"minecraft:book":12,"born_in_chaos_v1:ethereal_spirit":5,"minecraft:dandelion":3,"minecraft:gravel":265,"born_in_chaos_v1:dark_rod":5,"minecraft:sand":569,"chococraft:gysahl_green_seeds":2,"minecraft:blast_furnace":1,"minecraft:white_bed":9,"minecraft:spider_eye":1,"minecraft:barrel":6,"minecraft:mossy_cobblestone":5,"minecraft:polished_andesite":1,"minecraft:polished_diorite":7,"minecraft:granite":1,"minecraft:bone_meal":4,"minecraft:bread":3,"born_in_chaos_v1:rotten_fish":5,"minecraft:netherrack":3,"minecraft:coal":48,"minecraft:ender_pearl":2},"minecraft:killed":{"born_in_chaos_v1:restless_spirit":1,"graveyard:nightmare":1,"born_in_chaos_v1:skeleton_demoman":1,"minecraft:spider":8,"born_in_chaos_v1:thornshell_crab":3,"born_in_chaos_v1:zombie_bruiser":2,"born_in_chaos_v1:maggot":8,"minecraft:skeleton":12,"born_in_chaos_v1:skeleton_thrasher":3,"minecraft:drowned":3,"born_in_chaos_v1:corpse_fish":8,"born_in_chaos_v1:barrel_zombie":1,"minecraft:zombie_villager":1,"born_in_chaos_v1:baby_skeleton":1,"minecraft:creeper":1,"born_in_chaos_v1:decrepit_skeleton":1,"born_in_chaos_v1:phantom_creeper_copy":1,"minecraft:zombie":9,"born_in_chaos_v1:dread_hound":1,"born_in_chaos_v1:corpse_fly":1,"born_in_chaos_v1:dark_vortex":3,"born_in_chaos_v1:nightmare_stalker":1,"born_in_chaos_v1:door_knight":2,"minecraft:enderman":1,"chococraft:chocobo":5},"minecraft:dropped":{"minecraft:bread":5,"minecraft:wheat_seeds":2,"minecraft:cobblestone":1,"minecraft:kelp":1,"minecraft:rotten_flesh":2}},"DataVersion":3465}