{"stats":{"minecraft:mined":{"minecraft:grass_block":4,"minecraft:purple_bed":1,"minecraft:dirt_path":1,"minecraft:dirt":7},"minecraft:used":{"treasure2:chipped_iron_short_sword":3,"minecraft:leather_leggings":1,"minecraft:dirt":12,"minecraft:bread":4,"minecraft:leather_helmet":1},"minecraft:killed":{"treasure2:bound_soul":1},"minecraft:picked_up":{"minecraft:rotten_flesh":1,"minecraft:purple_bed":1,"minecraft:dirt":12},"minecraft:custom":{"minecraft:time_since_rest":7440,"minecraft:open_chest":6,"minecraft:play_time":7440,"minecraft:sprint_one_cm":49019,"minecraft:damage_taken":183,"minecraft:walk_one_cm":21856,"minecraft:walk_under_water_one_cm":40,"minecraft:mob_kills":1,"minecraft:jump":197,"minecraft:damage_dealt":190,"minecraft:leave_game":1,"minecraft:time_since_death":7440,"minecraft:walk_on_water_one_cm":1064,"minecraft:total_world_time":7440,"minecraft:swim_one_cm":9077,"minecraft:fall_one_cm":3921,"minecraft:fly_one_cm":42684},"minecraft:crafted":{"minecraft:spruce_planks":40}},"DataVersion":3465}